id,repository_id,name,language,code_cells
1,1,notebooks/plot.ipynb,python,
2,1,notebooks/quickstart.ipynb,python,
3,2,latest_notebook/Case-study_Mouse-intestinal-epithelium_1906.ipynb,python,
4,2,old_releases/Case-study_Mouse-intestinal-epithelium_1902.ipynb,python,
5,2,old_releases/Case-study_Mouse-intestinal-epithelium_1903.ipynb,python,
6,2,old_releases/Case-study_Mouse-intestinal-epithelium_190322.ipynb,python,
7,2,old_releases/Case-study_Mouse-intestinal-epithelium_1904.ipynb,python,
8,2,plotting_scripts/Klein_data_batch_effects_denoising.ipynb,python,
9,2,plotting_scripts/QC_plots.ipynb,python,
10,2,supplementary_scripts/Splatter-marker-genes-random-data.ipynb,python,
